Path in the Repo,File name,File type,Description,Link
data/ACSCtyData_2022ACS.csv,ACSCtyData_2022ACS.csv,csv,Selected demographic information at county level from the 2018-2022 ACS (CSV),"<a href='https://github.com/communitymaplab/geog4300_datascience/raw/refs/heads/main/data/ACSCtyData_2022ACS.csv' target=""_blank"">ACSCtyData_2022ACS.csv</a>"
data/ACSCtyData_2022ACS_simplify.gpkg,ACSCtyData_2022ACS_simplify.gpkg,gpkg,Selected demographic information at county level from the 2018-2022 ACS (geopackage),"<a href='https://github.com/communitymaplab/geog4300_datascience/raw/refs/heads/main/data/ACSCtyData_2022ACS_simplify.gpkg' target=""_blank"">ACSCtyData_2022ACS_simplify.gpkg</a>"
data/acsdata_cty_westreg.gpkg,acsdata_cty_westreg.gpkg,gpkg,Selected demographic information from the ACS for just counties in the western region,"<a href='https://github.com/communitymaplab/geog4300_datascience/raw/refs/heads/main/data/acsdata_cty_westreg.gpkg' target=""_blank"">acsdata_cty_westreg.gpkg</a>"
data/archive/ACSCtyData_2014ACS.csv,ACSCtyData_2014ACS.csv,csv,(Archive) Selected demographic information at county level from the 2010-2014 ACS (CSV),"<a href='https://github.com/communitymaplab/geog4300_datascience/raw/refs/heads/main/data/archive/ACSCtyData_2014ACS.csv' target=""_blank"">ACSCtyData_2014ACS.csv</a>"
data/archive/ACSCtyData_2019ACS.csv,ACSCtyData_2019ACS.csv,csv,(Archive) Selected demographic information at county level from the 2015-2019 ACS (CSV),"<a href='https://github.com/communitymaplab/geog4300_datascience/raw/refs/heads/main/data/archive/ACSCtyData_2019ACS.csv' target=""_blank"">ACSCtyData_2019ACS.csv</a>"
data/archive/ACSCtyData_2019ACS_simplify.gpkg,ACSCtyData_2019ACS_simplify.gpkg,gpkg,(Archive) Selected demographic information at county level from the 2015-2019 ACS (geopackage),"<a href='https://github.com/communitymaplab/geog4300_datascience/raw/refs/heads/main/data/archive/ACSCtyData_2019ACS_simplify.gpkg' target=""_blank"">ACSCtyData_2019ACS_simplify.gpkg</a>"
data/archive/airbnb_asheville,,folder,"(Archive) A folder of data about AirBNBs in Asheville, NC","<a href='https://github.com/communitymaplab/geog4300_datascience/tree/main/data/archive/airbnb_asheville' target=""_blank"">Folder link</a>"
data/archive/rem_songs.csv,rem_songs.csv,csv,(Archive) Spotify data on songs by REM,"<a href='https://github.com/communitymaplab/geog4300_datascience/raw/refs/heads/main/data/archive/rem_songs.csv' target=""_blank"">rem_songs.csv</a>"
data/athens1958_directorydata.csv,athens1958_directorydata.csv,csv,Digitized data on Athens residents from the 1958 city directory,"<a href='https://github.com/communitymaplab/geog4300_datascience/raw/refs/heads/main/data/athens1958_directorydata.csv' target=""_blank"">athens1958_directorydata.csv</a>"
data/atl_corecty.gpkg,atl_corecty.gpkg,gpkg,Boundaries for the five core counties of Atlanta,"<a href='https://github.com/communitymaplab/geog4300_datascience/raw/refs/heads/main/data/atl_corecty.gpkg' target=""_blank"">atl_corecty.gpkg</a>"
data/atl_pumas.gpkg,atl_pumas.gpkg,gpkg,Boundaries for public use microdata areas (PUMAs) in Atlanta,"<a href='https://github.com/communitymaplab/geog4300_datascience/raw/refs/heads/main/data/atl_pumas.gpkg' target=""_blank"">atl_pumas.gpkg</a>"
data/atl_snapretailers.gpkg,atl_snapretailers.gpkg,gpkg,SNAP-authorized food retailers in Atlanta (circa 2023),"<a href='https://github.com/communitymaplab/geog4300_datascience/raw/refs/heads/main/data/atl_snapretailers.gpkg' target=""_blank"">atl_snapretailers.gpkg</a>"
data/atl_tracts.gpkg,atl_tracts.gpkg,gpkg,Boundaries for census tracts in Atlanta,"<a href='https://github.com/communitymaplab/geog4300_datascience/raw/refs/heads/main/data/atl_tracts.gpkg' target=""_blank"">atl_tracts.gpkg</a>"
data/aus_climate_inat.gpkg,aus_climate_inat.gpkg,gpkg,"Data on Australia's climate, vegetation, and population from 2000-2020, aggregated by quadrats","<a href='https://github.com/communitymaplab/geog4300_datascience/raw/refs/heads/main/data/aus_climate_inat.gpkg' target=""_blank"">aus_climate_inat.gpkg</a>"
data/brandlocations.csv,brandlocations.csv,csv,Locations of selected fast food locations from Safegraph,"<a href='https://github.com/communitymaplab/geog4300_datascience/raw/refs/heads/main/data/brandlocations.csv' target=""_blank"">brandlocations.csv</a>"
data/CDC SVI 2025/SVI_2022_US_county.csv,SVI_2022_US_county.csv,csv,Data for CDC's Social Vulnerability Index by US Counties (2022),"<a href='https://github.com/communitymaplab/geog4300_datascience/raw/refs/heads/main/data/CDC SVI 2025/SVI_2022_US_county.csv' target=""_blank"">SVI_2022_US_county.csv</a>"
data/censusvars.csv,censusvars.csv,csv,Variable descriptions for data in the ACSCtyData files,"<a href='https://github.com/communitymaplab/geog4300_datascience/raw/refs/heads/main/data/censusvars.csv' target=""_blank"">censusvars.csv</a>"
data/census_pulse_2023/,,folder,A folder of data from the U.S. Census PULSE survey in 2022-2023,"<a href='https://github.com/communitymaplab/geog4300_datascience/tree/main/data/census_pulse_2023' target=""_blank"">Folder link</a>"
data/charlotte_restaurants_v2.csv,charlotte_restaurants_v2.csv,csv,"Restaurants in Charlotte, NC","<a href='https://github.com/communitymaplab/geog4300_datascience/raw/refs/heads/main/data/charlotte_restaurants_v2.csv' target=""_blank"">charlotte_restaurants_v2.csv</a>"
data/charlotte_tractpop.gpkg,charlotte_tractpop.gpkg,gpkg,"Tracts in Charlotte, NC with population circa 2020","<a href='https://github.com/communitymaplab/geog4300_datascience/raw/refs/heads/main/data/charlotte_tractpop.gpkg' target=""_blank"">charlotte_tractpop.gpkg</a>"
data/climate_vulnerability_index/,,folder,"A folder of data from the U.S. Climate Vulernabiltiy Index, circa 2024","<a href='https://github.com/communitymaplab/geog4300_datascience/tree/main/data/climate_vulernability_index' target=""_blank"">Folder link</a>"
data/daymet_monthly_median_2010-2021.csv,daymet_monthly_median_2010-2021.csv,csv,Monthly median data from Daymet for counties in the U.S. from 2010-2021,"<a href='https://github.com/communitymaplab/geog4300_datascience/raw/refs/heads/main/data/daymet_monthly_median_2010-2021.csv' target=""_blank"">daymet_monthly_median_2010-2021.csv</a>"
data/dem_ga_clip.tif,dem_ga_clip.tif,tif,A digital elevation model (DEM) of Georgia from SRTM data,"<a href='https://github.com/communitymaplab/geog4300_datascience/raw/refs/heads/main/data/dem_ga_clip.tif' target=""_blank"">dem_ga_clip.tif</a>"
data/dem_houston.zip,dem_houston.zip,zip,"A digital elevation model (DEM) of Houston, TX from SRTM data","<a href='https://github.com/communitymaplab/geog4300_datascience/raw/refs/heads/main/data/dem_houston.zip' target=""_blank"">dem_houston.zip</a>"
data/DLSF_data.csv,DLSF_data.csv,csv,Undated data on the date of the last spring frost (DLSF) for portions of the Southeast,"<a href='https://github.com/communitymaplab/geog4300_datascience/raw/refs/heads/main/data/DLSF_data.csv' target=""_blank"">DLSF_data.csv</a>"
data/dollars.csv,dollars.csv,csv,A dataset of dollar stores in the U.S. circa 2018,"<a href='https://github.com/communitymaplab/geog4300_datascience/raw/refs/heads/main/data/dollars.csv' target=""_blank"">dollars.csv</a>"
data/dollarstores_atlcore.gpkg,dollarstores_atlcore.gpkg,gpkg,A dataset of dollar stores in Atlanta circa 2018,"<a href='https://github.com/communitymaplab/geog4300_datascience/raw/refs/heads/main/data/dollarstores_atlcore.gpkg' target=""_blank"">dollarstores_atlcore.gpkg</a>"
data/elections0816_demog_pct.csv,elections0816_demog_pct.csv,csv,Presidential election votes and selected demographics by county for 2008 and 2016,"<a href='https://github.com/communitymaplab/geog4300_datascience/raw/refs/heads/main/data/elections0816_demog_pct.csv' target=""_blank"">elections0816_demog_pct.csv</a>"
data/era5_temperature/,,folder,Multiple rasters from the ERA5 climate models for surface (2m) termperature,"<a href='https://github.com/communitymaplab/geog4300_datascience/tree/main/data/era5_temperature' target=""_blank"">Folder link</a>"
data/gatree_obs_inat.csv,gatree_obs_inat.csv,csv,Observations of Georgia tree species from iNaturalist,"<a href='https://github.com/communitymaplab/geog4300_datascience/raw/refs/heads/main/data/gatree_obs_inat.csv' target=""_blank"">gatree_obs_inat.csv</a>"
data/gischat_tweets_2021_09_15.csv,gischat_tweets_2021_09_15.csv,csv,Twitter posts from 2021 using the #gischat hashtag,"<a href='https://github.com/communitymaplab/geog4300_datascience/raw/refs/heads/main/data/gischat_tweets_2021_09_15.csv' target=""_blank"">gischat_tweets_2021_09_15.csv</a>"
data/gischat_tweets_words_2021_09_15.csv,gischat_tweets_words_2021_09_15.csv,csv,Words from Twitter posts from 2021 using the #gischat hashtag,"<a href='https://github.com/communitymaplab/geog4300_datascience/raw/refs/heads/main/data/gischat_tweets_words_2021_09_15.csv' target=""_blank"">gischat_tweets_words_2021_09_15.csv</a>"
data/IPUMS_CPS_FoodSec.csv,IPUMS_CPS_FoodSec.csv,csv,U.S. Census data from the Current Population Survey on household food insecurity,"<a href='https://github.com/communitymaplab/geog4300_datascience/raw/refs/heads/main/data/IPUMS_CPS_FoodSec.csv' target=""_blank"">IPUMS_CPS_FoodSec.csv</a>"
data/Midwest_Pollen_Data.csv,Midwest_Pollen_Data.csv,csv,Undated dataset on pollen levels for several tree species in the Upper Midwest,"<a href='https://github.com/communitymaplab/geog4300_datascience/raw/refs/heads/main/data/Midwest_Pollen_Data.csv' target=""_blank"">Midwest_Pollen_Data.csv</a>"
data/ne_50m_admin_1_states_provinces_lakes/ne_50m_admin_1_states_provinces_lakes.shp,ne_50m_admin_1_states_provinces_lakes.shp,shp,Boundary file of states and water bodies,"<a href='https://github.com/communitymaplab/geog4300_datascience/raw/refs/heads/main/data/ne_50m_admin_1_states_provinces_lakes/ne_50m_admin_1_states_provinces_lakes.shp' target=""_blank"">ne_50m_admin_1_states_provinces_lakes.shp</a>"
data/nlcd/nlcd2016_ga.tif,nlcd2016_ga.tif,tif,National Land Cover Database land use classifications for Georgia in 2016,"<a href='https://github.com/communitymaplab/geog4300_datascience/raw/refs/heads/main/data/nlcd/nlcd2016_ga.tif' target=""_blank"">nlcd2016_ga.tif</a>"
data/nlcd/nlcd_houston19.tif,nlcd_houston19.tif,tif,National Land Cover Database land use classifications for Houston in 2019,"<a href='https://github.com/communitymaplab/geog4300_datascience/raw/refs/heads/main/data/nlcd/nlcd_houston19.tif' target=""_blank"">nlcd_houston19.tif</a>"
data/nlcd/nlcd_houston21.tif,nlcd_houston21.tif,tif,National Land Cover Database land use classifications for Houston in 2019,"<a href='https://github.com/communitymaplab/geog4300_datascience/raw/refs/heads/main/data/nlcd/nlcd_houston21.tif' target=""_blank"">nlcd_houston21.tif</a>"
data/noaa_stormevent_tornado_2025_05.csv,noaa_stormevent_tornado_2025_05.csv,csv,Data on storm events and tornados from ~1950-2025 from NOAA,"<a href='https://github.com/communitymaplab/geog4300_datascience/raw/refs/heads/main/data/noaa_stormevent_tornado_2025_05.csv' target=""_blank"">noaa_stormevent_tornado_2025_05.csv</a>"
data/precip_uswest_era5.csv,precip_uswest_era5.csv,csv,ERA5 precipitation for counties in the US West from 1950-2024,"<a href='https://github.com/communitymaplab/geog4300_datascience/raw/refs/heads/main/data/precip_uswest_era5.csv' target=""_blank"">precip_uswest_era5.csv</a>"
data/pulse2023_data.dictionary_CSV.xlsx,pulse2023_data.dictionary_CSV.xlsx,xlsx,Data dictionary for U.S. Census Pulse survey data,"<a href='https://github.com/communitymaplab/geog4300_datascience/raw/refs/heads/main/data/pulse2023_data.dictionary_CSV.xlsx' target=""_blank"">pulse2023_data.dictionary_CSV.xlsx</a>"
data/pulse_2023.csv,pulse_2023.csv,csv,Aggregated microdata for the U.S. Census Pulse survey in 2023,"<a href='https://github.com/communitymaplab/geog4300_datascience/raw/refs/heads/main/data/pulse_2023.csv' target=""_blank"">pulse_2023.csv</a>"
data/states_albers.gpkg,states_albers.gpkg,gpkg,U.S. State boundary files in Albers projection,"<a href='https://github.com/communitymaplab/geog4300_datascience/raw/refs/heads/main/data/states_albers.gpkg' target=""_blank"">states_albers.gpkg</a>"
data/states_se.gpkg,states_se.gpkg,gpkg,U.S. State boundary files for the U.S. Southeast,"<a href='https://github.com/communitymaplab/geog4300_datascience/raw/refs/heads/main/data/states_se.gpkg' target=""_blank"">states_se.gpkg</a>"
data/swift_beyonce_spotify.csv,swift_beyonce_spotify.csv,csv,Spotify data on songs by Taylor Swift and Beyonce,"<a href='https://github.com/communitymaplab/geog4300_datascience/raw/refs/heads/main/data/swift_beyonce_spotify.csv' target=""_blank"">swift_beyonce_spotify.csv</a>"
data/tornadopoints_SE.gpkg,tornadopoints_SE.gpkg,gpkg,NOAA data on historic tornados in the southeast (points for starting location),"<a href='https://github.com/communitymaplab/geog4300_datascience/raw/refs/heads/main/data/tornadopoints_SE.gpkg' target=""_blank"">tornadopoints_SE.gpkg</a>"
data/tornado_pointsSE.csv,tornado_pointsSE.csv,csv,CSV version of the NOAA tornado data for the Southeast,"<a href='https://github.com/communitymaplab/geog4300_datascience/raw/refs/heads/main/data/tornado_pointsSE.csv' target=""_blank"">tornado_pointsSE.csv</a>"
data/tornado_SE.gpkg,tornado_SE.gpkg,gpkg,NOAA data on historic tornados in the southeast (lines from start and end points),"<a href='https://github.com/communitymaplab/geog4300_datascience/raw/refs/heads/main/data/tornado_SE.gpkg' target=""_blank"">tornado_SE.gpkg</a>"
data/usg_schools_geo.csv,usg_schools_geo.csv,csv,University System of Georgia schools as of 2025,"<a href='https://github.com/communitymaplab/geog4300_datascience/raw/refs/heads/main/data/usg_schools_geo.csv' target=""_blank"">usg_schools_geo.csv</a>"
data/US_counties_albersusa.shp,US_counties_albersusa.shp,shp,U.S. Counties (Albers projection),"<a href='https://github.com/communitymaplab/geog4300_datascience/raw/refs/heads/main/data/US_counties_albersusa.shp' target=""_blank"">US_counties_albersusa.shp</a>"
data/us_county_simplify_SE_2014pop.gpkg,us_county_simplify_SE_2014pop.gpkg,gpkg,Simplified boundaries for U.S. Counties,"<a href='https://github.com/communitymaplab/geog4300_datascience/raw/refs/heads/main/data/us_county_simplify_SE_2014pop.gpkg' target=""_blank"">us_county_simplify_SE_2014pop.gpkg</a>"
data/US_ua_2020_urban.gpkg,US_ua_2020_urban.gpkg,gpkg,U.S. Census urbanized areas ,"<a href='https://github.com/communitymaplab/geog4300_datascience/raw/refs/heads/main/data/US_ua_2020_urban.gpkg' target=""_blank"">US_ua_2020_urban.gpkg</a>"
data/whdata_dec21_mar22.csv,whdata_dec21_mar22.csv,csv,Safegraph usage data for Waffle houses from December 2021-March 2022,"<a href='https://github.com/communitymaplab/geog4300_datascience/raw/refs/heads/main/data/whdata_dec21_mar22.csv' target=""_blank"">whdata_dec21_mar22.csv</a>"
data/wh_georgia_safegraph_bgareas.gpkg,wh_georgia_safegraph_bgareas.gpkg,gpkg,Block groups used in the Waffle House Safegraph data,"<a href='https://github.com/communitymaplab/geog4300_datascience/raw/refs/heads/main/data/wh_georgia_safegraph_bgareas.gpkg' target=""_blank"">wh_georgia_safegraph_bgareas.gpkg</a>"
data/wh_georgia_safegraph_xy.csv,wh_georgia_safegraph_xy.csv,csv,Safegraph usage data for Waffle houses just in Georgia from December 2021-March 2022,"<a href='https://github.com/communitymaplab/geog4300_datascience/raw/refs/heads/main/data/wh_georgia_safegraph_xy.csv' target=""_blank"">wh_georgia_safegraph_xy.csv</a>"
data/wh_georgia_safegraph_xy_bg.csv,wh_georgia_safegraph_xy_bg.csv,csv,Aggregated block group visit counts for Waffle Houses from December 2021-March 2022,"<a href='https://github.com/communitymaplab/geog4300_datascience/raw/refs/heads/main/data/wh_georgia_safegraph_xy_bg.csv' target=""_blank"">wh_georgia_safegraph_xy_bg.csv</a>"
data/wh_locations_coords.csv,wh_locations_coords.csv,csv,Waffle House locations (via Safegraph),"<a href='https://github.com/communitymaplab/geog4300_datascience/raw/refs/heads/main/data/wh_locations_coords.csv' target=""_blank"">wh_locations_coords.csv</a>"
